{"train_loss": [0.743937041128383, 0.6221033033202676, 0.5950312433873906, 0.5797392058021882, 0.5671033733031329, 0.5571145005085889, 0.5454808182576123, 0.5332816076629302, 0.5198853654019973, 0.5082021359135123, 0.49951695466742796, 0.49189129086101757, 0.48842414670130785, 0.4819858512457679, 0.4741526612464119, 0.47117143045453463, 0.4690264624707839, 0.46076914615490855, 0.45708287603714887, 0.45044418906464295], "val_loss": [0.5917177511298138, 0.5578405636808147, 0.5415025508922079, 0.5376569693503173, 0.5284771686014922, 0.5272346125996631, 0.5175889795241149, 0.5048445981481801, 0.4878972678080849, 0.4833102252172387, 0.48086734310440393, 0.48115568705227063, 0.4765719693640004, 0.4797894306804823, 0.47503726897032367, 0.4773168499055116, 0.4760774348093116, 0.47504033213076385, 0.4798652646334275, 0.48108453983845917]}