{
  "train_loss": [
    0.7402431596727932, 0.617293769344289, 0.5928735527444013,
    0.5800402510293665, 0.5647777828940733, 0.5542499096317087,
    0.5394693796328682, 0.5240486951116572, 0.5097997528027723,
    0.5023809848303463, 0.49004249091454366, 0.4878908990219953,
    0.47973061962561175, 0.4752464780514253, 0.46984488297911253,
    0.4677262226528025, 0.46500243127027296, 0.461738165846483
  ],
  "val_loss": [
    0.5845228560427402, 0.5551166471014631, 0.5443675188308067,
    0.5337890716309243, 0.5279631183502522, 0.5146183434953081,
    0.4984406353311336, 0.48928808658681017, 0.4795557932650789,
    0.47592460792115393, 0.47485601648371273, 0.47135430764644703,
    0.4657803285629191, 0.4657939272992154, 0.4669245031285793,
    0.46973994310866013, 0.46823819076761286, 0.469241719296638
  ]
}
