{"train_loss": [0.7453922362888561, 0.6174396513139501, 0.5927704989910125, 0.5694420593626359, 0.5504849642515183, 0.5369616483940798, 0.5246559171115651, 0.5134771936080035, 0.5039129153770558, 0.49794870211797604, 0.48940900108393504, 0.48274340734762305, 0.4767048486891915, 0.4726616133661831, 0.4699392499292598, 0.4623787523192518, 0.45995390783337986, 0.457118738749448, 0.4518439119353014, 0.44891752399065915, 0.4465650703977136], "val_loss": [0.5822713012280671, 0.5531618504420571, 0.5366657959378284, 0.5190314482087675, 0.5045011147208835, 0.5019863053508427, 0.49019401099370874, 0.48845885888389917, 0.4856686112673386, 0.48394513259763305, 0.47749587375184765, 0.48122630559879803, 0.48218621896660846, 0.47875838046488556, 0.47760560719863226, 0.4747344475725423, 0.48039585481519287, 0.4819433313349019, 0.48110121747721796, 0.48119828493698785, 0.4835735403973123]}